Bracket Type=4,
Sample Type,File Name,Sample ID,Path,Instrument Method,Process Method,Calibration File,Position,Inj Vol,Level,Sample Wt,Sample Vol,ISTD Amt,Dil Factor,L1 Study,L2 Client,L3 Laboratory,L4 Company,L5 Phone,Comment,Sample Name,
Blank,CK_M2512_001,,D:\MS-DATA\2_Wash,C:\Xcalibur\methods\upac-dia-standard\quant\251119_uPAC-50SPD_DIA_24vwin_350-1200_15K,,,G:F1,0,,0,0,0,0,,,,,,,,
QC,CK_M2512_002,,D:\MS-DATA\1_QC,C:\Xcalibur\methods\upac-dia-standard\quant\251119_uPAC-50SPD_DIA_24vwin_350-1200_15K,,,G:F9,0.5,,0,0,0,0,,,,,,,,
QC,CK_M2512_003,,D:\MS-DATA\1_QC,C:\Xcalibur\methods\upac-dia-standard\quant\251119_uPAC-50SPD_DIA_24vwin_350-1200_15K,,,G:F9,0.5,,0,0,0,0,,,,,,,,
QC,CK_M2512_004,,D:\MS-DATA\1_QC,C:\Xcalibur\methods\upac-dia-standard\quant\251119_uPAC-50SPD_DIA_24vwin_350-1200_15K,,,G:F9,0.5,,0,0,0,0,,,,,,,,
Blank,CK_M2512_005,,D:\MS-DATA\2_Wash,C:\Xcalibur\methods\upac-dia-standard\quant\251119_uPAC-50SPD_DIA_24vwin_350-1200_15K,,,G:F1,0,,0,0,0,0,,,,,,,,
Blank,CK_M2512_006,,D:\MS-DATA\2_Wash,C:\Xcalibur\methods\CK\upac\251107_end_upactrap,,,G:F1,0,,0,0,0,0,,,,,,,,
Blank,AD_M2512_007,WASH,D:\MS-DATA\2_Wash,C:\Xcalibur\methods\upac-dia-standard\quant\251119_uPAC-50SPD_DIA_24vwin_350-1200_15K,,,G:F1,0,,0,0,0,0,,,,,,,,
QC,AD_M2512_008,QC,D:\MS-DATA\1_QC,C:\Xcalibur\methods\upac-dia-standard\quant\251119_uPAC-50SPD_DIA_24vwin_350-1200_15K,,,G:F9,0.5,,0,0,0,0,,,,,,,,
Unknown,AD_M2512_009,CTRL_01,D:\MS-DATA\AD\20251211.CTRL.DOX.test.DIA,C:\Xcalibur\methods\CK\upac\251031_DIA_28vWin_uPAC_90min_350_upactrap,,,Y:A1,0.7,,0,0,0,0,,,,,,,,
Unknown,AD_M2512_010,CTRL_02,D:\MS-DATA\AD\20251211.CTRL.DOX.test.DIA,C:\Xcalibur\methods\CK\upac\251031_DIA_28vWin_uPAC_90min_350_upactrap,,,Y:B1,0.5,,0,0,0,0,,,,,,,,
Unknown,AD_M2512_011,CTRL_03,D:\MS-DATA\AD\20251211.CTRL.DOX.test.DIA,C:\Xcalibur\methods\CK\upac\251031_DIA_28vWin_uPAC_90min_350_upactrap,,,Y:C1,0.5,,0,0,0,0,,,,,,,,
Unknown,AD_M2512_012,DOX_01,D:\MS-DATA\AD\20251211.CTRL.DOX.test.DIA,C:\Xcalibur\methods\CK\upac\251031_DIA_28vWin_uPAC_90min_350_upactrap,,,Y:D1,0.7,,0,0,0,0,,,,,,,,
Unknown,AD_M2512_013,DOX_02,D:\MS-DATA\AD\20251211.CTRL.DOX.test.DIA,C:\Xcalibur\methods\CK\upac\251031_DIA_28vWin_uPAC_90min_350_upactrap,,,Y:E1,1,,0,0,0,0,,,,,,,,
Unknown,AD_M2512_014,DOX_03,D:\MS-DATA\AD\20251211.CTRL.DOX.test.DIA,C:\Xcalibur\methods\CK\upac\251031_DIA_28vWin_uPAC_90min_350_upactrap,,,Y:F1,0.7,,0,0,0,0,,,,,,,,
Blank,AD_M2512_015,WASH,D:\MS-DATA\2_Wash,C:\Xcalibur\methods\upac-dia-standard\quant\251119_uPAC-50SPD_DIA_24vwin_350-1200_15K,,,G:F1,0,,0,0,0,0,,,,,,,,
QC,AD_M2512_016,QC,D:\MS-DATA\1_QC,C:\Xcalibur\methods\upac-dia-standard\quant\251119_uPAC-50SPD_DIA_24vwin_350-1200_15K,,,G:F9,0.5,,0,0,0,0,,,,,,,,
Unknown,TDM_M2512_017,BRD9_AB1_rep1,D:\MS-DATA\TDM\20251212.NQ.TDM.BRD9.RIME,C:\Xcalibur\methods\CK\upac\251031_DIA_28vWin_uPAC_90min_350_upactrap,,,B:A1,1.3,,0,0,0,0,,,,,,,,
Unknown,TDM_M2512_018,BRD9_AB2_rep1,D:\MS-DATA\TDM\20251212.NQ.TDM.BRD9.RIME,C:\Xcalibur\methods\CK\upac\251031_DIA_28vWin_uPAC_90min_350_upactrap,,,B:A2,1.3,,0,0,0,0,,,,,,,,
Unknown,TDM_M2512_019,BRD9_AB3_rep1,D:\MS-DATA\TDM\20251212.NQ.TDM.BRD9.RIME,C:\Xcalibur\methods\CK\upac\251031_DIA_28vWin_uPAC_90min_350_upactrap,,,B:A3,2.4,,0,0,0,0,,,,,,,,
Unknown,TDM_M2512_020,cMYB_AB1_rep1,D:\MS-DATA\TDM\20251212.NQ.TDM.BRD9.RIME,C:\Xcalibur\methods\CK\upac\251031_DIA_28vWin_uPAC_90min_350_upactrap,,,B:A4,1,,0,0,0,0,,,,,,,,
Unknown,TDM_M2512_021,cMYB_AB2_rep1,D:\MS-DATA\TDM\20251212.NQ.TDM.BRD9.RIME,C:\Xcalibur\methods\CK\upac\251031_DIA_28vWin_uPAC_90min_350_upactrap,,,B:A5,1.5,,0,0,0,0,,,,,,,,
Unknown,TDM_M2512_022,IgG_NC_rep1,D:\MS-DATA\TDM\20251212.NQ.TDM.BRD9.RIME,C:\Xcalibur\methods\CK\upac\251031_DIA_28vWin_uPAC_90min_350_upactrap,,,B:A6,1.9,,0,0,0,0,,,,,,,,
Blank,TDM_M2512_023,WASH,D:\MS-DATA\2_Wash,C:\Xcalibur\methods\upac-dia-standard\quant\251119_uPAC-50SPD_DIA_24vwin_350-1200_15K,,,G:F1,0,,0,0,0,0,,,,,,,,
QC,TDM_M2512_024,QC,D:\MS-DATA\1_QC,C:\Xcalibur\methods\upac-dia-standard\quant\251119_uPAC-50SPD_DIA_24vwin_350-1200_15K,,,G:F9,0.5,,0,0,0,0,,,,,,,,
Unknown,TDM_M2512_025,BRD9_AB1_rep1,D:\MS-DATA\TDM\20251212.NQ.TDM.BRD9.RIME,C:\Xcalibur\methods\CK\upac\251031_DIA_28vWin_uPAC_90min_350_upactrap,,,B:A1,1.3,,0,0,0,0,,,,,,,,
Unknown,TDM_M2512_026,BRD9_AB2_rep1,D:\MS-DATA\TDM\20251212.NQ.TDM.BRD9.RIME,C:\Xcalibur\methods\CK\upac\251031_DIA_28vWin_uPAC_90min_350_upactrap,,,B:A2,1.2,,0,0,0,0,,,,,,,,
Unknown,TDM_M2512_027,BRD9_AB3_rep1,D:\MS-DATA\TDM\20251212.NQ.TDM.BRD9.RIME,C:\Xcalibur\methods\CK\upac\251031_DIA_28vWin_uPAC_90min_350_upactrap,,,B:A3,2.2,,0,0,0,0,,,,,,,,
Unknown,TDM_M2512_028,cMYB_AB1_rep1,D:\MS-DATA\TDM\20251212.NQ.TDM.BRD9.RIME,C:\Xcalibur\methods\CK\upac\251031_DIA_28vWin_uPAC_90min_350_upactrap,,,B:A4,2,,0,0,0,0,,,,,,,,
Unknown,TDM_M2512_029,cMYB_AB2_rep1,D:\MS-DATA\TDM\20251212.NQ.TDM.BRD9.RIME,C:\Xcalibur\methods\CK\upac\251031_DIA_28vWin_uPAC_90min_350_upactrap,,,B:A5,2.9,,0,0,0,0,,,,,,,,
Unknown,TDM_M2512_030,IgG_NC_rep1,D:\MS-DATA\TDM\20251212.NQ.TDM.BRD9.RIME,C:\Xcalibur\methods\CK\upac\251031_DIA_28vWin_uPAC_90min_350_upactrap,,,B:A6,1.5,,0,0,0,0,,,,,,,,
Blank,TDM_M2512_031,WASH,D:\MS-DATA\2_Wash,C:\Xcalibur\methods\upac-dia-standard\quant\251119_uPAC-50SPD_DIA_24vwin_350-1200_15K,,,G:F1,0,,0,0,0,0,,,,,,,,
QC,TDM_M2512_032,QC,D:\MS-DATA\1_QC,C:\Xcalibur\methods\upac-dia-standard\quant\251119_uPAC-50SPD_DIA_24vwin_350-1200_15K,,,G:F9,0.5,,0,0,0,0,,,,,,,,
Unknown,TDM_M2512_033,BRD9_AB1_rep1,D:\MS-DATA\TDM\20251212.NQ.TDM.BRD9.RIME,C:\Xcalibur\methods\CK\upac\251031_DIA_28vWin_uPAC_90min_350_upactrap,,,B:A1,1.3,,0,0,0,0,,,,,,,,
Unknown,TDM_M2512_034,BRD9_AB2_rep1,D:\MS-DATA\TDM\20251212.NQ.TDM.BRD9.RIME,C:\Xcalibur\methods\CK\upac\251031_DIA_28vWin_uPAC_90min_350_upactrap,,,B:A2,1.3,,0,0,0,0,,,,,,,,
Unknown,TDM_M2512_035,BRD9_AB3_rep1,D:\MS-DATA\TDM\20251212.NQ.TDM.BRD9.RIME,C:\Xcalibur\methods\CK\upac\251031_DIA_28vWin_uPAC_90min_350_upactrap,,,B:A3,2.4,,0,0,0,0,,,,,,,,
Unknown,TDM_M2512_036,cMYB_AB1_rep1,D:\MS-DATA\TDM\20251212.NQ.TDM.BRD9.RIME,C:\Xcalibur\methods\CK\upac\251031_DIA_28vWin_uPAC_90min_350_upactrap,,,B:A4,1,,0,0,0,0,,,,,,,,
Unknown,TDM_M2512_037,cMYB_AB2_rep1,D:\MS-DATA\TDM\20251212.NQ.TDM.BRD9.RIME,C:\Xcalibur\methods\CK\upac\251031_DIA_28vWin_uPAC_90min_350_upactrap,,,B:A5,1.5,,0,0,0,0,,,,,,,,
Unknown,TDM_M2512_038,IgG_NC_rep1,D:\MS-DATA\TDM\20251212.NQ.TDM.BRD9.RIME,C:\Xcalibur\methods\CK\upac\251031_DIA_28vWin_uPAC_90min_350_upactrap,,,B:A6,1.9,,0,0,0,0,,,,,,,,
Blank,TDM_M2512_039,WASH,D:\MS-DATA\2_Wash,C:\Xcalibur\methods\upac-dia-standard\quant\251119_uPAC-50SPD_DIA_24vwin_350-1200_15K,,,G:F1,0,,0,0,0,0,,,,,,,,
QC,TDM_M2512_040,QC,D:\MS-DATA\1_QC,C:\Xcalibur\methods\upac-dia-standard\quant\251119_uPAC-50SPD_DIA_24vwin_350-1200_15K,,,G:F9,0.5,,0,0,0,0,,,,,,,,
Unknown,TDM_M2512_041,BRD9_AB1_rep1,D:\MS-DATA\TDM\20251212.NQ.TDM.BRD9.RIME,C:\Xcalibur\methods\CK\upac\251031_DIA_28vWin_uPAC_90min_350_upactrap,,,B:A1,1.3,,0,0,0,0,,,,,,,,
Unknown,TDM_M2512_042,BRD9_AB2_rep1,D:\MS-DATA\TDM\20251212.NQ.TDM.BRD9.RIME,C:\Xcalibur\methods\CK\upac\251031_DIA_28vWin_uPAC_90min_350_upactrap,,,B:A2,1.2,,0,0,0,0,,,,,,,,
Unknown,TDM_M2512_043,BRD9_AB3_rep1,D:\MS-DATA\TDM\20251212.NQ.TDM.BRD9.RIME,C:\Xcalibur\methods\CK\upac\251031_DIA_28vWin_uPAC_90min_350_upactrap,,,B:A3,2.2,,0,0,0,0,,,,,,,,
Unknown,TDM_M2512_044,cMYB_AB1_rep1,D:\MS-DATA\TDM\20251212.NQ.TDM.BRD9.RIME,C:\Xcalibur\methods\CK\upac\251031_DIA_28vWin_uPAC_90min_350_upactrap,,,B:A4,2,,0,0,0,0,,,,,,,,
Unknown,TDM_M2512_045,cMYB_AB2_rep1,D:\MS-DATA\TDM\20251212.NQ.TDM.BRD9.RIME,C:\Xcalibur\methods\CK\upac\251031_DIA_28vWin_uPAC_90min_350_upactrap,,,B:A5,2.9,,0,0,0,0,,,,,,,,
Unknown,TDM_M2512_046,IgG_NC_rep1,D:\MS-DATA\TDM\20251212.NQ.TDM.BRD9.RIME,C:\Xcalibur\methods\CK\upac\251031_DIA_28vWin_uPAC_90min_350_upactrap,,,B:A6,1.5,,0,0,0,0,,,,,,,,
Blank,TDM_M2512_047,WASH,D:\MS-DATA\2_Wash,C:\Xcalibur\methods\upac-dia-standard\quant\251119_uPAC-50SPD_DIA_24vwin_350-1200_15K,,,G:F1,0,,0,0,0,0,,,,,,,,
QC,TDM_M2512_048,QC,D:\MS-DATA\1_QC,C:\Xcalibur\methods\upac-dia-standard\quant\251119_uPAC-50SPD_DIA_24vwin_350-1200_15K,,,G:F9,0.5,,0,0,0,0,,,,,,,,
Blank,ALE_M2512_049,WASH,D:\MS-DATA\2_Wash,C:\Xcalibur\methods\upac-dia-standard\quant\251119_uPAC-50SPD_DIA_24vwin_350-1200_15K,,,G:F1,0,,0,0,0,0,,,,,,,,
Unknown,ALE_M2512_050,pIgA1,D:\MS-DATA\Ale\IgAAntigenome_161225,C:\Xcalibur\methods\upac-dda-standard\251216_uPAC-24SPD_DDA_top20_350-1650,,,B:A1,1,,0,0,0,0,,,,,,,,
Unknown,ALE_M2512_051,pIgA2,D:\MS-DATA\Ale\IgAAntigenome_161225,C:\Xcalibur\methods\upac-dda-standard\251216_uPAC-24SPD_DDA_top20_350-1650,,,B:A2,1,,0,0,0,0,,,,,,,,
Unknown,ALE_M2512_052,pIgA3,D:\MS-DATA\Ale\IgAAntigenome_161225,C:\Xcalibur\methods\upac-dda-standard\251216_uPAC-24SPD_DDA_top20_350-1650,,,B:A3,1,,0,0,0,0,,,,,,,,
Blank,ALE_M2512_053,WASH,D:\MS-DATA\2_Wash,C:\Xcalibur\methods\upac-dia-standard\quant\251119_uPAC-50SPD_DIA_24vwin_350-1200_15K,,,G:F1,0,,0,0,0,0,,,,,,,,
Unknown,ALE_M2512_054,PlasmaIgA1,D:\MS-DATA\Ale\IgAAntigenome_161225,C:\Xcalibur\methods\upac-dda-standard\251216_uPAC-24SPD_DDA_top20_350-1650,,,B:A4,1,,0,0,0,0,,,,,,,,
Unknown,ALE_M2512_055,PlasmaIgA2,D:\MS-DATA\Ale\IgAAntigenome_161225,C:\Xcalibur\methods\upac-dda-standard\251216_uPAC-24SPD_DDA_top20_350-1650,,,B:A5,1,,0,0,0,0,,,,,,,,
Unknown,ALE_M2512_056,PlasmaIgA3,D:\MS-DATA\Ale\IgAAntigenome_161225,C:\Xcalibur\methods\upac-dda-standard\251216_uPAC-24SPD_DDA_top20_350-1650,,,B:A6,1,,0,0,0,0,,,,,,,,
Blank,ALE_M2512_057,WASH,D:\MS-DATA\2_Wash,C:\Xcalibur\methods\upac-dia-standard\quant\251119_uPAC-50SPD_DIA_24vwin_350-1200_15K,,,G:F1,0,,0,0,0,0,,,,,,,,
QC,ALE_M2512_058,QC,D:\MS-DATA\1_QC,C:\Xcalibur\methods\upac-dia-standard\quant\251119_uPAC-50SPD_DIA_24vwin_350-1200_15K,,,G:F9,0.5,,0,0,0,0,,,,,,,,
Blank,ALE_M2512_059,WASH,D:\MS-DATA\2_Wash,C:\Xcalibur\methods\upac-dia-standard\quant\251119_uPAC-50SPD_DIA_24vwin_350-1200_15K,,,G:F1,0,,0,0,0,0,,,,,,,,
Unknown,ALE_M2512_060,cIgA1,D:\MS-DATA\Ale\IgAAntigenome_161225,C:\Xcalibur\methods\upac-dda-standard\251216_uPAC-24SPD_DDA_top20_350-1650,,,B:A7,1,,0,0,0,0,,,,,,,,
Unknown,ALE_M2512_061,cIgA2,D:\MS-DATA\Ale\IgAAntigenome_161225,C:\Xcalibur\methods\upac-dda-standard\251216_uPAC-24SPD_DDA_top20_350-1650,,,B:A8,1,,0,0,0,0,,,,,,,,
Unknown,ALE_M2512_062,cIgA3,D:\MS-DATA\Ale\IgAAntigenome_161225,C:\Xcalibur\methods\upac-dda-standard\251216_uPAC-24SPD_DDA_top20_350-1650,,,B:A9,1,,0,0,0,0,,,,,,,,
Blank,ALE_M2512_063,WASH,D:\MS-DATA\2_Wash,C:\Xcalibur\methods\upac-dia-standard\quant\251119_uPAC-50SPD_DIA_24vwin_350-1200_15K,,,G:F1,0,,0,0,0,0,,,,,,,,
Unknown,ALE_M2512_064,sIgA1,D:\MS-DATA\Ale\IgAAntigenome_161225,C:\Xcalibur\methods\upac-dda-standard\251216_uPAC-24SPD_DDA_top20_350-1650,,,B:B1,1,,0,0,0,0,,,,,,,,
Unknown,ALE_M2512_065,sIgA2,D:\MS-DATA\Ale\IgAAntigenome_161225,C:\Xcalibur\methods\upac-dda-standard\251216_uPAC-24SPD_DDA_top20_350-1650,,,B:B2,1,,0,0,0,0,,,,,,,,
Unknown,ALE_M2512_066,sIgA3,D:\MS-DATA\Ale\IgAAntigenome_161225,C:\Xcalibur\methods\upac-dda-standard\251216_uPAC-24SPD_DDA_top20_350-1650,,,B:B3,1,,0,0,0,0,,,,,,,,
Blank,ALE_M2512_067,WASH,D:\MS-DATA\2_Wash,C:\Xcalibur\methods\upac-dia-standard\quant\251119_uPAC-50SPD_DIA_24vwin_350-1200_15K,,,G:F1,0,,0,0,0,0,,,,,,,,
QC,ALE_M2512_068,QC,D:\MS-DATA\1_QC,C:\Xcalibur\methods\upac-dia-standard\quant\251119_uPAC-50SPD_DIA_24vwin_350-1200_15K,,,G:F9,0.5,,0,0,0,0,,,,,,,,
Blank,ALE_M2512_069,WASH,D:\MS-DATA\2_Wash,C:\Xcalibur\methods\upac-dia-standard\quant\251119_uPAC-50SPD_DIA_24vwin_350-1200_15K,,,G:F1,0,,0,0,0,0,,,,,,,,
Unknown,ALE_M2512_070,EndoSIgA1,D:\MS-DATA\Ale\IgAAntigenome_161225,C:\Xcalibur\methods\upac-dda-standard\251216_uPAC-24SPD_DDA_top20_350-1650,,,B:B4,1,,0,0,0,0,,,,,,,,
Unknown,ALE_M2512_071,EndoSIgA2,D:\MS-DATA\Ale\IgAAntigenome_161225,C:\Xcalibur\methods\upac-dda-standard\251216_uPAC-24SPD_DDA_top20_350-1650,,,B:B5,1,,0,0,0,0,,,,,,,,
Unknown,ALE_M2512_072,EndoSIgA3,D:\MS-DATA\Ale\IgAAntigenome_161225,C:\Xcalibur\methods\upac-dda-standard\251216_uPAC-24SPD_DDA_top20_350-1650,,,B:B6,1,,0,0,0,0,,,,,,,,
Blank,ALE_M2512_073,WASH,D:\MS-DATA\2_Wash,C:\Xcalibur\methods\upac-dia-standard\quant\251119_uPAC-50SPD_DIA_24vwin_350-1200_15K,,,G:F1,0,,0,0,0,0,,,,,,,,
Unknown,ALE_M2512_074,PNGIgA1,D:\MS-DATA\Ale\IgAAntigenome_161225,C:\Xcalibur\methods\upac-dda-standard\251216_uPAC-24SPD_DDA_top20_350-1650,,,B:B7,1,,0,0,0,0,,,,,,,,
Unknown,ALE_M2512_075,PNGIgA2,D:\MS-DATA\Ale\IgAAntigenome_161225,C:\Xcalibur\methods\upac-dda-standard\251216_uPAC-24SPD_DDA_top20_350-1650,,,B:B8,1,,0,0,0,0,,,,,,,,
Unknown,ALE_M2512_076,PNGIgA3,D:\MS-DATA\Ale\IgAAntigenome_161225,C:\Xcalibur\methods\upac-dda-standard\251216_uPAC-24SPD_DDA_top20_350-1650,,,B:B9,1,,0,0,0,0,,,,,,,,
Blank,ALE_M2512_077,WASH,D:\MS-DATA\2_Wash,C:\Xcalibur\methods\upac-dia-standard\quant\251119_uPAC-50SPD_DIA_24vwin_350-1200_15K,,,G:F1,0,,0,0,0,0,,,,,,,,
QC,ALE_M2512_078,QC,D:\MS-DATA\1_QC,C:\Xcalibur\methods\upac-dia-standard\quant\251119_uPAC-50SPD_DIA_24vwin_350-1200_15K,,,G:F9,0.5,,0,0,0,0,,,,,,,,
Blank,ALE_M2512_079,WASH,D:\MS-DATA\2_Wash,C:\Xcalibur\methods\upac-dia-standard\quant\251119_uPAC-50SPD_DIA_24vwin_350-1200_15K,,,G:F1,0,,0,0,0,0,,,,,,,,
Unknown,ALE_M2512_080,NC1,D:\MS-DATA\Ale\IgAAntigenome_161225,C:\Xcalibur\methods\upac-dda-standard\251216_uPAC-24SPD_DDA_top20_350-1650,,,B:C1,1,,0,0,0,0,,,,,,,,
Unknown,ALE_M2512_081,NC2,D:\MS-DATA\Ale\IgAAntigenome_161225,C:\Xcalibur\methods\upac-dda-standard\251216_uPAC-24SPD_DDA_top20_350-1650,,,B:C2,1,,0,0,0,0,,,,,,,,
Unknown,ALE_M2512_082,NC3,D:\MS-DATA\Ale\IgAAntigenome_161225,C:\Xcalibur\methods\upac-dda-standard\251216_uPAC-24SPD_DDA_top20_350-1650,,,B:C3,1,,0,0,0,0,,,,,,,,
Blank,ALE_M2512_083,WASH,D:\MS-DATA\2_Wash,C:\Xcalibur\methods\upac-dia-standard\quant\251119_uPAC-50SPD_DIA_24vwin_350-1200_15K,,,G:F1,0,,0,0,0,0,,,,,,,,
Unknown,ALE_M2512_084,BacFr1,D:\MS-DATA\Ale\IgAAntigenome_161225,C:\Xcalibur\methods\upac-dda-standard\251216_uPAC-24SPD_DDA_top20_350-1650,,,B:C4,1,,0,0,0,0,,,,,,,,
Unknown,ALE_M2512_085,BacFr2,D:\MS-DATA\Ale\IgAAntigenome_161225,C:\Xcalibur\methods\upac-dda-standard\251216_uPAC-24SPD_DDA_top20_350-1650,,,B:C5,1,,0,0,0,0,,,,,,,,
Unknown,ALE_M2512_086,BacFr3,D:\MS-DATA\Ale\IgAAntigenome_161225,C:\Xcalibur\methods\upac-dda-standard\251216_uPAC-24SPD_DDA_top20_350-1650,,,B:C6,1,,0,0,0,0,,,,,,,,
Blank,ALE_M2512_087,WASH,D:\MS-DATA\2_Wash,C:\Xcalibur\methods\upac-dia-standard\quant\251119_uPAC-50SPD_DIA_24vwin_350-1200_15K,,,G:F1,0,,0,0,0,0,,,,,,,,
QC,ALE_M2512_088,QC,D:\MS-DATA\1_QC,C:\Xcalibur\methods\upac-dia-standard\quant\251119_uPAC-50SPD_DIA_24vwin_350-1200_15K,,,G:F9,0.5,,0,0,0,0,,,,,,,,
Blank,ALE_M2512_089,WASH,D:\MS-DATA\2_Wash,C:\Xcalibur\methods\upac-dia-standard\quant\251119_uPAC-50SPD_DIA_24vwin_350-1200_15K,,,G:F1,0,,0,0,0,0,,,,,,,,
Unknown,ALE_M2512_090,pIgA1,D:\MS-DATA\Ale\IgAAntigenome_161225\Glyco,C:\Xcalibur\methods\Ale\250624_DDA_glyco_60min,,,B:A1,0.5,,0,0,0,0,,,,,,,,
Unknown,ALE_M2512_091,pIgA2,D:\MS-DATA\Ale\IgAAntigenome_161225\Glyco,C:\Xcalibur\methods\Ale\250624_DDA_glyco_60min,,,B:A2,0.5,,0,0,0,0,,,,,,,,
Unknown,ALE_M2512_092,pIgA3,D:\MS-DATA\Ale\IgAAntigenome_161225\Glyco,C:\Xcalibur\methods\Ale\250624_DDA_glyco_60min,,,B:A3,0.5,,0,0,0,0,,,,,,,,
Blank,ALE_M2512_093,WASH,D:\MS-DATA\2_Wash,C:\Xcalibur\methods\upac-dia-standard\quant\251119_uPAC-50SPD_DIA_24vwin_350-1200_15K,,,G:F1,0,,0,0,0,0,,,,,,,,
Unknown,ALE_M2512_094,PlasmaIgA1,D:\MS-DATA\Ale\IgAAntigenome_161225\Glyco,C:\Xcalibur\methods\Ale\250624_DDA_glyco_60min,,,B:A4,0.5,,0,0,0,0,,,,,,,,
Unknown,ALE_M2512_095,PlasmaIgA2,D:\MS-DATA\Ale\IgAAntigenome_161225\Glyco,C:\Xcalibur\methods\Ale\250624_DDA_glyco_60min,,,B:A5,0.5,,0,0,0,0,,,,,,,,
Unknown,ALE_M2512_096,PlasmaIgA3,D:\MS-DATA\Ale\IgAAntigenome_161225\Glyco,C:\Xcalibur\methods\Ale\250624_DDA_glyco_60min,,,B:A6,0.5,,0,0,0,0,,,,,,,,
Blank,ALE_M2512_097,WASH,D:\MS-DATA\2_Wash,C:\Xcalibur\methods\upac-dia-standard\quant\251119_uPAC-50SPD_DIA_24vwin_350-1200_15K,,,G:F1,0,,0,0,0,0,,,,,,,,
QC,ALE_M2512_098,QC,D:\MS-DATA\1_QC,C:\Xcalibur\methods\upac-dia-standard\quant\251119_uPAC-50SPD_DIA_24vwin_350-1200_15K,,,G:F9,0.5,,0,0,0,0,,,,,,,,
Blank,ALE_M2512_099,WASH,D:\MS-DATA\2_Wash,C:\Xcalibur\methods\upac-dia-standard\quant\251119_uPAC-50SPD_DIA_24vwin_350-1200_15K,,,G:F1,0,,0,0,0,0,,,,,,,,
Unknown,ALE_M2512_100,cIgA1,D:\MS-DATA\Ale\IgAAntigenome_161225\Glyco,C:\Xcalibur\methods\Ale\250624_DDA_glyco_60min,,,B:A7,0.5,,0,0,0,0,,,,,,,,
Unknown,ALE_M2512_101,cIgA2,D:\MS-DATA\Ale\IgAAntigenome_161225\Glyco,C:\Xcalibur\methods\Ale\250624_DDA_glyco_60min,,,B:A8,0.5,,0,0,0,0,,,,,,,,
Unknown,ALE_M2512_102,cIgA3,D:\MS-DATA\Ale\IgAAntigenome_161225\Glyco,C:\Xcalibur\methods\Ale\250624_DDA_glyco_60min,,,B:A9,0.5,,0,0,0,0,,,,,,,,
Blank,ALE_M2512_103,WASH,D:\MS-DATA\2_Wash,C:\Xcalibur\methods\upac-dia-standard\quant\251119_uPAC-50SPD_DIA_24vwin_350-1200_15K,,,G:F1,0,,0,0,0,0,,,,,,,,
Unknown,ALE_M2512_104,sIgA1,D:\MS-DATA\Ale\IgAAntigenome_161225\Glyco,C:\Xcalibur\methods\Ale\250624_DDA_glyco_60min,,,B:B1,0.5,,0,0,0,0,,,,,,,,
Unknown,ALE_M2512_105,sIgA2,D:\MS-DATA\Ale\IgAAntigenome_161225\Glyco,C:\Xcalibur\methods\Ale\250624_DDA_glyco_60min,,,B:B2,0.5,,0,0,0,0,,,,,,,,
Unknown,ALE_M2512_106,sIgA3,D:\MS-DATA\Ale\IgAAntigenome_161225\Glyco,C:\Xcalibur\methods\Ale\250624_DDA_glyco_60min,,,B:B3,0.5,,0,0,0,0,,,,,,,,
Blank,ALE_M2512_107,WASH,D:\MS-DATA\2_Wash,C:\Xcalibur\methods\upac-dia-standard\quant\251119_uPAC-50SPD_DIA_24vwin_350-1200_15K,,,G:F1,0,,0,0,0,0,,,,,,,,
QC,ALE_M2512_108,QC,D:\MS-DATA\1_QC,C:\Xcalibur\methods\upac-dia-standard\quant\251119_uPAC-50SPD_DIA_24vwin_350-1200_15K,,,G:F9,0.5,,0,0,0,0,,,,,,,,
Blank,ALE_M2512_109,WASH,D:\MS-DATA\2_Wash,C:\Xcalibur\methods\upac-dia-standard\quant\251119_uPAC-50SPD_DIA_24vwin_350-1200_15K,,,G:F1,0,,0,0,0,0,,,,,,,,
Unknown,ALE_M2512_110,EndoSIgA1,D:\MS-DATA\Ale\IgAAntigenome_161225\Glyco,C:\Xcalibur\methods\Ale\250624_DDA_glyco_60min,,,B:B4,0.5,,0,0,0,0,,,,,,,,
Unknown,ALE_M2512_111,EndoSIgA2,D:\MS-DATA\Ale\IgAAntigenome_161225\Glyco,C:\Xcalibur\methods\Ale\250624_DDA_glyco_60min,,,B:B5,0.5,,0,0,0,0,,,,,,,,
Unknown,ALE_M2512_112,EndoSIgA3,D:\MS-DATA\Ale\IgAAntigenome_161225\Glyco,C:\Xcalibur\methods\Ale\250624_DDA_glyco_60min,,,B:B6,0.5,,0,0,0,0,,,,,,,,
Blank,ALE_M2512_113,WASH,D:\MS-DATA\2_Wash,C:\Xcalibur\methods\upac-dia-standard\quant\251119_uPAC-50SPD_DIA_24vwin_350-1200_15K,,,G:F1,0,,0,0,0,0,,,,,,,,
Unknown,ALE_M2512_114,PNGIgA1,D:\MS-DATA\Ale\IgAAntigenome_161225\Glyco,C:\Xcalibur\methods\Ale\250624_DDA_glyco_60min,,,B:B7,0.5,,0,0,0,0,,,,,,,,
Unknown,ALE_M2512_115,PNGIgA2,D:\MS-DATA\Ale\IgAAntigenome_161225\Glyco,C:\Xcalibur\methods\Ale\250624_DDA_glyco_60min,,,B:B8,0.5,,0,0,0,0,,,,,,,,
Unknown,ALE_M2512_116,PNGIgA3,D:\MS-DATA\Ale\IgAAntigenome_161225\Glyco,C:\Xcalibur\methods\Ale\250624_DDA_glyco_60min,,,B:B9,0.5,,0,0,0,0,,,,,,,,
Blank,ALE_M2512_117,WASH,D:\MS-DATA\2_Wash,C:\Xcalibur\methods\upac-dia-standard\quant\251119_uPAC-50SPD_DIA_24vwin_350-1200_15K,,,G:F1,0,,0,0,0,0,,,,,,,,
QC,ALE_M2512_118,QC,D:\MS-DATA\1_QC,C:\Xcalibur\methods\upac-dia-standard\quant\251119_uPAC-50SPD_DIA_24vwin_350-1200_15K,,,G:F9,0.5,,0,0,0,0,,,,,,,,
Blank,ALE_M2512_119,WASH,D:\MS-DATA\2_Wash,C:\Xcalibur\methods\upac-dia-standard\quant\251119_uPAC-50SPD_DIA_24vwin_350-1200_15K,,,G:F1,0,,0,0,0,0,,,,,,,,
Unknown,ALE_M2512_120,NC1,D:\MS-DATA\Ale\IgAAntigenome_161225\Glyco,C:\Xcalibur\methods\Ale\250624_DDA_glyco_60min,,,B:C1,0.5,,0,0,0,0,,,,,,,,
Unknown,ALE_M2512_121,NC2,D:\MS-DATA\Ale\IgAAntigenome_161225\Glyco,C:\Xcalibur\methods\Ale\250624_DDA_glyco_60min,,,B:C2,0.5,,0,0,0,0,,,,,,,,
Unknown,ALE_M2512_122,NC3,D:\MS-DATA\Ale\IgAAntigenome_161225\Glyco,C:\Xcalibur\methods\Ale\250624_DDA_glyco_60min,,,B:C3,0.5,,0,0,0,0,,,,,,,,
Blank,ALE_M2512_123,WASH,D:\MS-DATA\2_Wash,C:\Xcalibur\methods\upac-dia-standard\quant\251119_uPAC-50SPD_DIA_24vwin_350-1200_15K,,,G:F1,0,,0,0,0,0,,,,,,,,
QC,ALE_M2512_124,QC,D:\MS-DATA\1_QC,C:\Xcalibur\methods\upac-dia-standard\quant\251119_uPAC-50SPD_DIA_24vwin_350-1200_15K,,,G:F9,0.5,,0,0,0,0,,,,,,,,
Blank,ALE_M2512_125,WASH,D:\MS-DATA\2_Wash,C:\Xcalibur\methods\upac-dia-standard\quant\251119_uPAC-50SPD_DIA_24vwin_350-1200_15K,,,G:F1,0,,0,0,0,0,,,,,,,,
Blank,CK_M2512_126,WASH,D:\MS-DATA\2_Wash,C:\Xcalibur\methods\upac-dia-standard\quant\251119_uPAC-50SPD_DIA_24vwin_350-1200_15K,,,G:F1,0,,0,0,0,0,,,,,,,,
QC,CK_M2512_127,QC,D:\MS-DATA\1_QC,C:\Xcalibur\methods\upac-dia-standard\quant\251119_uPAC-50SPD_DIA_24vwin_350-1200_15K,,,G:F9,0.5,,0,0,0,0,,,,,,,,
Blank,CK_M2512_128,WASH,D:\MS-DATA\2_Wash,C:\Xcalibur\methods\upac-dia-standard\quant\251119_uPAC-50SPD_DIA_24vwin_350-1200_15K,,,G:F1,0,,0,0,0,0,,,,,,,,
Unknown,CK_M2512_129,LFQ-B 50SPD SA1,D:\MS-DATA\CK,C:\Xcalibur\methods\upac-dia-standard\quant\251126_uPAC-16SPD_DIA_28vWin_350-1650_30K,,,G:A1,1,,0,0,0,0,,,,,,,,
Unknown,CK_M2512_130,LFQ-B 50SPD SA2,D:\MS-DATA\CK,C:\Xcalibur\methods\upac-dia-standard\quant\251126_uPAC-16SPD_DIA_28vWin_350-1650_30K,,,G:A1,1,,0,0,0,0,,,,,,,,
Unknown,CK_M2512_131,LFQ-B 50SPD SA3,D:\MS-DATA\CK,C:\Xcalibur\methods\upac-dia-standard\quant\251126_uPAC-16SPD_DIA_28vWin_350-1650_30K,,,G:A1,1,,0,0,0,0,,,,,,,,
Blank,CK_M2512_128,WASH,D:\MS-DATA\2_Wash,C:\Xcalibur\methods\upac-dia-standard\quant\251119_uPAC-50SPD_DIA_24vwin_350-1200_15K,,,G:F1,0,,0,0,0,0,,,,,,,,
Unknown,CK_M2512_133,LFQ-B 50SPD SB1,D:\MS-DATA\CK,C:\Xcalibur\methods\upac-dia-standard\quant\251126_uPAC-16SPD_DIA_28vWin_350-1650_30K,,,G:A2,1,,0,0,0,0,,,,,,,,
Unknown,CK_M2512_134,LFQ-B 50SPD SB2,D:\MS-DATA\CK,C:\Xcalibur\methods\upac-dia-standard\quant\251126_uPAC-16SPD_DIA_28vWin_350-1650_30K,,,G:A2,1,,0,0,0,0,,,,,,,,
Unknown,CK_M2512_135,LFQ-B 50SPD SB3,D:\MS-DATA\CK,C:\Xcalibur\methods\upac-dia-standard\quant\251126_uPAC-16SPD_DIA_28vWin_350-1650_30K,,,G:A2,1,,0,0,0,0,,,,,,,,
Blank,CK_M2512_136,WASH,D:\MS-DATA\2_Wash,C:\Xcalibur\methods\upac-dia-standard\quant\251119_uPAC-50SPD_DIA_24vwin_350-1200_15K,,,G:F1,0,,0,0,0,0,,,,,,,,
Unknown,CK_M2512_137,LFQ-B 50SPD SA1,D:\MS-DATA\CK,C:\Xcalibur\methods\upac-dia-standard\lib\251126_uPAC-16SPD_DIA_28vWin_350-1650_45K,,,G:A1,1,,0,0,0,0,,,,,,,,
Unknown,CK_M2512_138,LFQ-B 50SPD SA2,D:\MS-DATA\CK,C:\Xcalibur\methods\upac-dia-standard\lib\251126_uPAC-16SPD_DIA_28vWin_350-1650_45K,,,G:A1,1,,0,0,0,0,,,,,,,,
Unknown,CK_M2512_139,LFQ-B 50SPD SA3,D:\MS-DATA\CK,C:\Xcalibur\methods\upac-dia-standard\lib\251126_uPAC-16SPD_DIA_28vWin_350-1650_45K,,,G:A1,1,,0,0,0,0,,,,,,,,
Blank,CK_M2512_140,WASH,D:\MS-DATA\2_Wash,C:\Xcalibur\methods\upac-dia-standard\quant\251119_uPAC-50SPD_DIA_24vwin_350-1200_15K,,,G:F1,0,,0,0,0,0,,,,,,,,
Unknown,CK_M2512_141,LFQ-B 50SPD SB1,D:\MS-DATA\CK,C:\Xcalibur\methods\upac-dia-standard\lib\251126_uPAC-16SPD_DIA_28vWin_350-1650_45K,,,G:A2,1,,0,0,0,0,,,,,,,,
Unknown,CK_M2512_142,LFQ-B 50SPD SB2,D:\MS-DATA\CK,C:\Xcalibur\methods\upac-dia-standard\lib\251126_uPAC-16SPD_DIA_28vWin_350-1650_45K,,,G:A2,1,,0,0,0,0,,,,,,,,
Unknown,CK_M2512_143,LFQ-B 50SPD SB3,D:\MS-DATA\CK,C:\Xcalibur\methods\upac-dia-standard\lib\251126_uPAC-16SPD_DIA_28vWin_350-1650_45K,,,G:A2,1,,0,0,0,0,,,,,,,,
Blank,CK_M2512_140,WASH,D:\MS-DATA\2_Wash,C:\Xcalibur\methods\upac-dia-standard\quant\251119_uPAC-50SPD_DIA_24vwin_350-1200_15K,,,G:F1,0,,0,0,0,0,,,,,,,,
QC,CK_M2512_145,QC,D:\MS-DATA\1_QC,C:\Xcalibur\methods\upac-dia-standard\quant\251119_uPAC-50SPD_DIA_24vwin_350-1200_15K,,,G:F9,0.5,,0,0,0,0,,,,,,,,
Blank,CK_M2512_146,WASH,D:\MS-DATA\2_Wash,C:\Xcalibur\methods\upac-dia-standard\quant\251119_uPAC-50SPD_DIA_24vwin_350-1200_15K,,,G:F1,0,,0,0,0,0,,,,,,,,
Blank,CK_M2511_305,,D:\MS-DATA\2_Wash,C:\Xcalibur\methods\CK\upac\251107_end_upactrap,,,G:F1,0,,0,0,0,0,,,,,,,,
Blank,DT_M2512_148,WASH,D:\MS-DATA\2_Wash,C:\Xcalibur\methods\upac-dia-standard\quant\251119_uPAC-50SPD_DIA_24vwin_350-1200_15K,,,G:F1,0,,0,0,0,0,,,,,,,,
QC,DT_M2512_149,QC,D:\MS-DATA\1_QC,C:\Xcalibur\methods\upac-dia-standard\quant\251119_uPAC-50SPD_DIA_24vwin_350-1200_15K,,,G:F9,0.5,,0,0,0,0,,,,,,,,
Blank,DT_M2512_150,WASH,D:\MS-DATA\2_Wash,C:\Xcalibur\methods\upac-dia-standard\quant\251119_uPAC-50SPD_DIA_24vwin_350-1200_15K,,,G:F1,0,,0,0,0,0,,,,,,,,
Unknown,DT_M2512_151,2024cohortA_pl_01,D:\DATA\DT\2025\D3mNP_cohortA,C:\Xcalibur\methods\upac-dia-standard\quant\251126_uPAC-16SPD_DIA_28vWin_350-1650_30K,,,Y:A1,1.5,,0,0,0,0,,,,,,,,
Unknown,DT_M2512_152,2024cohortA_pl_02,D:\DATA\DT\2025\D3mNP_cohortA,C:\Xcalibur\methods\upac-dia-standard\quant\251126_uPAC-16SPD_DIA_28vWin_350-1650_30K,,,Y:A2,1.5,,0,0,0,0,,,,,,,,
Unknown,DT_M2512_153,2024cohortA_pl_03,D:\DATA\DT\2025\D3mNP_cohortA,C:\Xcalibur\methods\upac-dia-standard\quant\251126_uPAC-16SPD_DIA_28vWin_350-1650_30K,,,Y:A3,1.5,,0,0,0,0,,,,,,,,
Unknown,DT_M2512_154,2024cohortA_pl_04,D:\DATA\DT\2025\D3mNP_cohortA,C:\Xcalibur\methods\upac-dia-standard\quant\251126_uPAC-16SPD_DIA_28vWin_350-1650_30K,,,Y:A4,1.5,,0,0,0,0,,,,,,,,
Unknown,DT_M2512_155,2024cohortA_pl_05,D:\DATA\DT\2025\D3mNP_cohortA,C:\Xcalibur\methods\upac-dia-standard\quant\251126_uPAC-16SPD_DIA_28vWin_350-1650_30K,,,Y:A5,1.5,,0,0,0,0,,,,,,,,
Blank,DT_M2512_156,WASH,D:\MS-DATA\2_Wash,C:\Xcalibur\methods\upac-dia-standard\quant\251119_uPAC-50SPD_DIA_24vwin_350-1200_15K,,,G:F1,0,,0,0,0,0,,,,,,,,
Unknown,DT_M2512_157,2024cohortA_pl_10,D:\DATA\DT\2025\D3mNP_cohortA,C:\Xcalibur\methods\upac-dia-standard\quant\251126_uPAC-16SPD_DIA_28vWin_350-1650_30K,,,Y:B1,1.5,,0,0,0,0,,,,,,,,
Unknown,DT_M2512_158,2024cohortA_pl_11,D:\DATA\DT\2025\D3mNP_cohortA,C:\Xcalibur\methods\upac-dia-standard\quant\251126_uPAC-16SPD_DIA_28vWin_350-1650_30K,,,Y:B2,1.5,,0,0,0,0,,,,,,,,
Unknown,DT_M2512_159,2024cohortA_pl_12,D:\DATA\DT\2025\D3mNP_cohortA,C:\Xcalibur\methods\upac-dia-standard\quant\251126_uPAC-16SPD_DIA_28vWin_350-1650_30K,,,Y:B3,1.5,,0,0,0,0,,,,,,,,
Unknown,DT_M2512_160,2024cohortA_pl_13,D:\DATA\DT\2025\D3mNP_cohortA,C:\Xcalibur\methods\upac-dia-standard\quant\251126_uPAC-16SPD_DIA_28vWin_350-1650_30K,,,Y:B4,1.5,,0,0,0,0,,,,,,,,
Unknown,DT_M2512_161,2024cohortA_pl_14,D:\DATA\DT\2025\D3mNP_cohortA,C:\Xcalibur\methods\upac-dia-standard\quant\251126_uPAC-16SPD_DIA_28vWin_350-1650_30K,,,Y:B5,1.5,,0,0,0,0,,,,,,,,
Blank,DT_M2512_162,WASH,D:\MS-DATA\2_Wash,C:\Xcalibur\methods\upac-dia-standard\quant\251119_uPAC-50SPD_DIA_24vwin_350-1200_15K,,,G:F1,0,,0,0,0,0,,,,,,,,
QC,DT_M2512_163,QC,D:\MS-DATA\1_QC,C:\Xcalibur\methods\upac-dia-standard\quant\251119_uPAC-50SPD_DIA_24vwin_350-1200_15K,,,G:F9,0.5,,0,0,0,0,,,,,,,,
Blank,DT_M2512_164,WASH,D:\MS-DATA\2_Wash,C:\Xcalibur\methods\upac-dia-standard\quant\251119_uPAC-50SPD_DIA_24vwin_350-1200_15K,,,G:F1,0,,0,0,0,0,,,,,,,,
Unknown,DT_M2512_165,2024cohortA_pl_19,D:\DATA\DT\2025\D3mNP_cohortA,C:\Xcalibur\methods\upac-dia-standard\quant\251126_uPAC-16SPD_DIA_28vWin_350-1650_30K,,,Y:C1,1.5,,0,0,0,0,,,,,,,,
Unknown,DT_M2512_166,2024cohortA_pl_20,D:\DATA\DT\2025\D3mNP_cohortA,C:\Xcalibur\methods\upac-dia-standard\quant\251126_uPAC-16SPD_DIA_28vWin_350-1650_30K,,,Y:C2,1.5,,0,0,0,0,,,,,,,,
Unknown,DT_M2512_167,2024cohortA_pl_21,D:\DATA\DT\2025\D3mNP_cohortA,C:\Xcalibur\methods\upac-dia-standard\quant\251126_uPAC-16SPD_DIA_28vWin_350-1650_30K,,,Y:C3,1.5,,0,0,0,0,,,,,,,,
Unknown,DT_M2512_168,2024cohortA_pl_22,D:\DATA\DT\2025\D3mNP_cohortA,C:\Xcalibur\methods\upac-dia-standard\quant\251126_uPAC-16SPD_DIA_28vWin_350-1650_30K,,,Y:C4,1.5,,0,0,0,0,,,,,,,,
Unknown,DT_M2512_169,2024cohortA_pl_23,D:\DATA\DT\2025\D3mNP_cohortA,C:\Xcalibur\methods\upac-dia-standard\quant\251126_uPAC-16SPD_DIA_28vWin_350-1650_30K,,,Y:C5,1.5,,0,0,0,0,,,,,,,,
Blank,DT_M2512_170,WASH,D:\MS-DATA\2_Wash,C:\Xcalibur\methods\upac-dia-standard\quant\251119_uPAC-50SPD_DIA_24vwin_350-1200_15K,,,G:F1,0,,0,0,0,0,,,,,,,,
Unknown,DT_M2512_171,2024cohortA_pl_28,D:\DATA\DT\2025\D3mNP_cohortA,C:\Xcalibur\methods\upac-dia-standard\quant\251126_uPAC-16SPD_DIA_28vWin_350-1650_30K,,,Y:D1,1.5,,0,0,0,0,,,,,,,,
Unknown,DT_M2512_172,2024cohortA_pl_29,D:\DATA\DT\2025\D3mNP_cohortA,C:\Xcalibur\methods\upac-dia-standard\quant\251126_uPAC-16SPD_DIA_28vWin_350-1650_30K,,,Y:D2,1.5,,0,0,0,0,,,,,,,,
Unknown,DT_M2512_173,2024cohortA_pl_30,D:\DATA\DT\2025\D3mNP_cohortA,C:\Xcalibur\methods\upac-dia-standard\quant\251126_uPAC-16SPD_DIA_28vWin_350-1650_30K,,,Y:D3,1.5,,0,0,0,0,,,,,,,,
Unknown,DT_M2512_174,2024cohortA_pl_31,D:\DATA\DT\2025\D3mNP_cohortA,C:\Xcalibur\methods\upac-dia-standard\quant\251126_uPAC-16SPD_DIA_28vWin_350-1650_30K,,,Y:D4,1.5,,0,0,0,0,,,,,,,,
Unknown,DT_M2512_175,2024cohortA_pl_32,D:\DATA\DT\2025\D3mNP_cohortA,C:\Xcalibur\methods\upac-dia-standard\quant\251126_uPAC-16SPD_DIA_28vWin_350-1650_30K,,,Y:D5,1.5,,0,0,0,0,,,,,,,,
Blank,DT_M2512_176,WASH,D:\MS-DATA\2_Wash,C:\Xcalibur\methods\upac-dia-standard\quant\251119_uPAC-50SPD_DIA_24vwin_350-1200_15K,,,G:F1,0,,0,0,0,0,,,,,,,,
QC,DT_M2512_177,QC,D:\MS-DATA\1_QC,C:\Xcalibur\methods\upac-dia-standard\quant\251119_uPAC-50SPD_DIA_24vwin_350-1200_15K,,,G:F9,0.5,,0,0,0,0,,,,,,,,
Blank,DT_M2512_178,WASH,D:\MS-DATA\2_Wash,C:\Xcalibur\methods\upac-dia-standard\quant\251119_uPAC-50SPD_DIA_24vwin_350-1200_15K,,,G:F1,0,,0,0,0,0,,,,,,,,
Blank,DT_M2512_179,,D:\MS-DATA\2_Wash,C:\Xcalibur\methods\CK\upac\251107_end_upactrap,,,G:F1,0,,0,0,0,0,,,,,,,,
Blank,DT_M2512_180,WASH,D:\MS-DATA\2_Wash,C:\Xcalibur\methods\upac-dia-standard\quant\251119_uPAC-50SPD_DIA_24vwin_350-1200_15K,,,G:F1,0,,0,0,0,0,,,,,,,,
QC,DT_M2512_181,QC,D:\MS-DATA\1_QC,C:\Xcalibur\methods\upac-dia-standard\quant\251119_uPAC-50SPD_DIA_24vwin_350-1200_15K,,,G:F9,0.5,,0,0,0,0,,,,,,,,
Blank,DT_M2512_182,WASH,D:\MS-DATA\2_Wash,C:\Xcalibur\methods\upac-dia-standard\quant\251119_uPAC-50SPD_DIA_24vwin_350-1200_15K,,,G:F1,0,,0,0,0,0,,,,,,,,
Unknown,DT_M2512_183,2025cohortB2_sr_09,D:\DATA\DT\2025\D3mNP_cohortB2\serum,C:\Xcalibur\methods\upac-dia-standard\quant\251126_uPAC-16SPD_DIA_28vWin_350-1650_30K,,,Y:A1,1.2,,0,0,0,0,,,,,,,,
Unknown,DT_M2512_184,2025cohortB2_sr_10,D:\DATA\DT\2025\D3mNP_cohortB2\serum,C:\Xcalibur\methods\upac-dia-standard\quant\251126_uPAC-16SPD_DIA_28vWin_350-1650_30K,,,Y:A2,1.2,,0,0,0,0,,,,,,,,
Unknown,DT_M2512_185,2025cohortB2_sr_11,D:\DATA\DT\2025\D3mNP_cohortB2\serum,C:\Xcalibur\methods\upac-dia-standard\quant\251126_uPAC-16SPD_DIA_28vWin_350-1650_30K,,,Y:A3,1.2,,0,0,0,0,,,,,,,,
Blank,DT_M2512_186,WASH,D:\MS-DATA\2_Wash,C:\Xcalibur\methods\upac-dia-standard\quant\251119_uPAC-50SPD_DIA_24vwin_350-1200_15K,,,G:F1,0,,0,0,0,0,,,,,,,,
Unknown,DT_M2512_187,2025cohortB2_sr_18,D:\DATA\DT\2025\D3mNP_cohortB2\serum,C:\Xcalibur\methods\upac-dia-standard\quant\251126_uPAC-16SPD_DIA_28vWin_350-1650_30K,,,Y:B1,1.2,,0,0,0,0,,,,,,,,
Unknown,DT_M2512_188,2025cohortB2_sr_19,D:\DATA\DT\2025\D3mNP_cohortB2\serum,C:\Xcalibur\methods\upac-dia-standard\quant\251126_uPAC-16SPD_DIA_28vWin_350-1650_30K,,,Y:B2,1.2,,0,0,0,0,,,,,,,,
Unknown,DT_M2512_189,2025cohortB2_sr_20,D:\DATA\DT\2025\D3mNP_cohortB2\serum,C:\Xcalibur\methods\upac-dia-standard\quant\251126_uPAC-16SPD_DIA_28vWin_350-1650_30K,,,Y:B3,1.2,,0,0,0,0,,,,,,,,
Blank,DT_M2512_190,WASH,D:\MS-DATA\2_Wash,C:\Xcalibur\methods\upac-dia-standard\quant\251119_uPAC-50SPD_DIA_24vwin_350-1200_15K,,,G:F1,0,,0,0,0,0,,,,,,queue stopped_module not connected_20251224,,
Blank,DT_M2512_191,WASH,D:\MS-DATA\2_Wash,C:\Xcalibur\methods\upac-dia-standard\quant\251119_uPAC-50SPD_DIA_24vwin_350-1200_15K,,,G:F1,0,,0,0,0,0,,,,,,queue resumed_20251230 after restarting the electronics,,
QC,DT_M2512_192,QC,D:\MS-DATA\1_QC,C:\Xcalibur\methods\upac-dia-standard\quant\251119_uPAC-50SPD_DIA_24vwin_350-1200_15K,,,G:F9,0.5,,0,0,0,0,,,,,,,,
Blank,DT_M2512_193,WASH,D:\MS-DATA\2_Wash,C:\Xcalibur\methods\upac-dia-standard\quant\251119_uPAC-50SPD_DIA_24vwin_350-1200_15K,,,G:F1,0,,0,0,0,0,,,,,,,,
Unknown,DT_M2512_194,2025cohortB2_sr_20,D:\DATA\DT\2025\D3mNP_cohortB2\serum,C:\Xcalibur\methods\upac-dia-standard\quant\251126_uPAC-16SPD_DIA_28vWin_350-1650_30K,,,Y:B3,1.2,,0,0,0,0,,,,,,reshot,,
Blank,DT_M2512_195,WASH,D:\MS-DATA\2_Wash,C:\Xcalibur\methods\upac-dia-standard\quant\251119_uPAC-50SPD_DIA_24vwin_350-1200_15K,,,G:F1,0,,0,0,0,0,,,,,,queue stopped 20251230,,
QC,DT_M2512_196,QC,D:\MS-DATA\1_QC,C:\Xcalibur\methods\upac-dia-standard\quant\251119_uPAC-50SPD_DIA_24vwin_350-1200_15K,,,G:F9,0.5,,0,0,0,0,,,,,,,,
Blank,DT_M2512_197,WASH,D:\MS-DATA\2_Wash,C:\Xcalibur\methods\upac-dia-standard\quant\251119_uPAC-50SPD_DIA_24vwin_350-1200_15K,,,G:F1,0,,0,0,0,0,,,,,,,,
Unknown,DT_M2512_198,2025cohortB2_sr_27,D:\DATA\DT\2025\D3mNP_cohortB2\serum,C:\Xcalibur\methods\upac-dia-standard\quant\251126_uPAC-16SPD_DIA_28vWin_350-1650_30K,,,Y:A1,1.2,,0,0,0,0,,,,,,,,
Unknown,DT_M2512_199,2025cohortB2_sr_28,D:\DATA\DT\2025\D3mNP_cohortB2\serum,C:\Xcalibur\methods\upac-dia-standard\quant\251126_uPAC-16SPD_DIA_28vWin_350-1650_30K,,,Y:A2,1.2,,0,0,0,0,,,,,,,,
Unknown,DT_M2512_200,2025cohortB2_sr_29,D:\DATA\DT\2025\D3mNP_cohortB2\serum,C:\Xcalibur\methods\upac-dia-standard\quant\251126_uPAC-16SPD_DIA_28vWin_350-1650_30K,,,Y:A3,1.2,,0,0,0,0,,,,,,,,
Blank,DT_M2512_201,WASH,D:\MS-DATA\2_Wash,C:\Xcalibur\methods\upac-dia-standard\quant\251119_uPAC-50SPD_DIA_24vwin_350-1200_15K,,,G:F1,0,,0,0,0,0,,,,,,,,
Unknown,DT_M2512_202,2025cohortB2_sr_33,D:\DATA\DT\2025\D3mNP_cohortB2\serum,C:\Xcalibur\methods\upac-dia-standard\quant\251126_uPAC-16SPD_DIA_28vWin_350-1650_30K,,,Y:A4,1.2,,0,0,0,0,,,,,,,,
Unknown,DT_M2512_203,2025cohortB2_sr_34,D:\DATA\DT\2025\D3mNP_cohortB2\serum,C:\Xcalibur\methods\upac-dia-standard\quant\251126_uPAC-16SPD_DIA_28vWin_350-1650_30K,,,Y:A5,1.2,,0,0,0,0,,,,,,,,
Unknown,DT_M2512_204,2025cohortB2_sr_36,D:\DATA\DT\2025\D3mNP_cohortB2\serum,C:\Xcalibur\methods\upac-dia-standard\quant\251126_uPAC-16SPD_DIA_28vWin_350-1650_30K,,,Y:A6,1.2,,0,0,0,0,,,,,,,,
Blank,DT_M2512_205,WASH,D:\MS-DATA\2_Wash,C:\Xcalibur\methods\upac-dia-standard\quant\251119_uPAC-50SPD_DIA_24vwin_350-1200_15K,,,G:F1,0,,0,0,0,0,,,,,,,,
Unknown,DT_M2512_206,2025cohortB2_sr_43,D:\DATA\DT\2025\D3mNP_cohortB2\serum,C:\Xcalibur\methods\upac-dia-standard\quant\251126_uPAC-16SPD_DIA_28vWin_350-1650_30K,,,Y:A7,1.2,,0,0,0,0,,,,,,,,
Unknown,DT_M2512_207,2025cohortB2_sr_44,D:\DATA\DT\2025\D3mNP_cohortB2\serum,C:\Xcalibur\methods\upac-dia-standard\quant\251126_uPAC-16SPD_DIA_28vWin_350-1650_30K,,,Y:A8,1.2,,0,0,0,0,,,,,,,,
Unknown,DT_M2512_208,2025cohortB2_sr_48,D:\DATA\DT\2025\D3mNP_cohortB2\serum,C:\Xcalibur\methods\upac-dia-standard\quant\251126_uPAC-16SPD_DIA_28vWin_350-1650_30K,,,Y:A9,1.2,,0,0,0,0,,,,,,,,
Blank,DT_M2512_209,WASH,D:\MS-DATA\2_Wash,C:\Xcalibur\methods\upac-dia-standard\quant\251119_uPAC-50SPD_DIA_24vwin_350-1200_15K,,,G:F1,0,,0,0,0,0,,,,,,,,
QC,DT_M2512_210,QC,D:\MS-DATA\1_QC,C:\Xcalibur\methods\upac-dia-standard\quant\251119_uPAC-50SPD_DIA_24vwin_350-1200_15K,,,G:F9,0.5,,0,0,0,0,,,,,,,,
Blank,DT_M2512_211,WASH,D:\MS-DATA\2_Wash,C:\Xcalibur\methods\upac-dia-standard\quant\251119_uPAC-50SPD_DIA_24vwin_350-1200_15K,,,G:F1,0,,0,0,0,0,,,,,,,,
Blank,DT_M2512_212,WASH,D:\MS-DATA\2_Wash,C:\Xcalibur\methods\upac-dia-standard\wash\260113_uPAC-50SPD-zebra_DIA_24vwin_350-1200_15K,,,G:F1,0,,0,0,0,0,,,,,,,,
Blank,DT_M2512_213,WASH,D:\MS-DATA\2_Wash,C:\Xcalibur\methods\upac-dia-standard\quant\251119_uPAC-50SPD_DIA_24vwin_350-1200_15K,,,G:F1,0,,0,0,0,0,,,,,,,,
Unknown,DT_M2512_214,2025cohortB2_pl_01,D:\DATA\DT\2025\D3mNP_cohortB2\plasma,C:\Xcalibur\methods\upac-dia-standard\quant\251126_uPAC-16SPD_DIA_28vWin_350-1650_30K,,,Y:B1,1.1,,0,0,0,0,,,,,,,,
Unknown,DT_M2512_215,2025cohortB2_pl_02,D:\DATA\DT\2025\D3mNP_cohortB2\plasma,C:\Xcalibur\methods\upac-dia-standard\quant\251126_uPAC-16SPD_DIA_28vWin_350-1650_30K,,,Y:B2,1.1,,0,0,0,0,,,,,,,,
Unknown,DT_M2512_216,2025cohortB2_pl_03,D:\DATA\DT\2025\D3mNP_cohortB2\plasma,C:\Xcalibur\methods\upac-dia-standard\quant\251126_uPAC-16SPD_DIA_28vWin_350-1650_30K,,,Y:B3,1.1,,0,0,0,0,,,,,,,,
Unknown,DT_M2512_217,2025cohortB2_pl_04,D:\DATA\DT\2025\D3mNP_cohortB2\plasma,C:\Xcalibur\methods\upac-dia-standard\quant\251126_uPAC-16SPD_DIA_28vWin_350-1650_30K,,,Y:B4,1.1,,0,0,0,0,,,,,,,,
Blank,DT_M2512_218,WASH,D:\MS-DATA\2_Wash,C:\Xcalibur\methods\upac-dia-standard\wash\260113_uPAC-50SPD-zebra_DIA_24vwin_350-1200_15K,,,G:F1,0,,0,0,0,0,,,,,,,,
Unknown,DT_M2512_219,2025cohortB2_pl_05,D:\DATA\DT\2025\D3mNP_cohortB2\plasma,C:\Xcalibur\methods\upac-dia-standard\quant\251126_uPAC-16SPD_DIA_28vWin_350-1650_30K,,,Y:B5,1.1,,0,0,0,0,,,,,,,,
Unknown,DT_M2512_220,2025cohortB2_pl_06,D:\DATA\DT\2025\D3mNP_cohortB2\plasma,C:\Xcalibur\methods\upac-dia-standard\quant\251126_uPAC-16SPD_DIA_28vWin_350-1650_30K,,,Y:B6,1.1,,0,0,0,0,,,,,,,,
Unknown,DT_M2512_221,2025cohortB2_pl_07,D:\DATA\DT\2025\D3mNP_cohortB2\plasma,C:\Xcalibur\methods\upac-dia-standard\quant\251126_uPAC-16SPD_DIA_28vWin_350-1650_30K,,,Y:B7,1.1,,0,0,0,0,,,,,,,,
Unknown,DT_M2512_222,2025cohortB2_pl_08,D:\DATA\DT\2025\D3mNP_cohortB2\plasma,C:\Xcalibur\methods\upac-dia-standard\quant\251126_uPAC-16SPD_DIA_28vWin_350-1650_30K,,,Y:B8,1.1,,0,0,0,0,,,,,,,,
Blank,DT_M2512_223,WASH,D:\MS-DATA\2_Wash,C:\Xcalibur\methods\upac-dia-standard\wash\260113_uPAC-50SPD-zebra_DIA_24vwin_350-1200_15K,,,G:F1,0,,0,0,0,0,,,,,,,,
QC,DT_M2512_224,QC,D:\MS-DATA\1_QC,C:\Xcalibur\methods\upac-dia-standard\quant\251119_uPAC-50SPD_DIA_24vwin_350-1200_15K,,,G:F9,0.5,,0,0,0,0,,,,,,,,
Blank,DT_M2512_225,WASH,D:\MS-DATA\2_Wash,C:\Xcalibur\methods\upac-dia-standard\wash\260113_uPAC-50SPD-zebra_DIA_24vwin_350-1200_15K,,,G:F1,0,,0,0,0,0,,,,,,,,
Unknown,DT_M2512_226,2025cohortB2_pl_09,D:\DATA\DT\2025\D3mNP_cohortB2\plasma,C:\Xcalibur\methods\upac-dia-standard\quant\251126_uPAC-16SPD_DIA_28vWin_350-1650_30K,,,Y:C1,1.1,,0,0,0,0,,,,,,,,
Unknown,DT_M2512_227,2025cohortB2_pl_10,D:\DATA\DT\2025\D3mNP_cohortB2\plasma,C:\Xcalibur\methods\upac-dia-standard\quant\251126_uPAC-16SPD_DIA_28vWin_350-1650_30K,,,Y:C2,1.1,,0,0,0,0,,,,,,,,
Unknown,DT_M2512_228,2025cohortB2_pl_11,D:\DATA\DT\2025\D3mNP_cohortB2\plasma,C:\Xcalibur\methods\upac-dia-standard\quant\251126_uPAC-16SPD_DIA_28vWin_350-1650_30K,,,Y:C3,1.1,,0,0,0,0,,,,,,,,
Unknown,DT_M2512_229,2025cohortB2_pl_12,D:\DATA\DT\2025\D3mNP_cohortB2\plasma,C:\Xcalibur\methods\upac-dia-standard\quant\251126_uPAC-16SPD_DIA_28vWin_350-1650_30K,,,Y:C4,1.1,,0,0,0,0,,,,,,,,
Blank,DT_M2512_230,WASH,D:\MS-DATA\2_Wash,C:\Xcalibur\methods\upac-dia-standard\wash\260113_uPAC-50SPD-zebra_DIA_24vwin_350-1200_15K,,,G:F1,0,,0,0,0,0,,,,,,,,
Unknown,DT_M2512_231,2025cohortB2_pl_13,D:\DATA\DT\2025\D3mNP_cohortB2\plasma,C:\Xcalibur\methods\upac-dia-standard\quant\251126_uPAC-16SPD_DIA_28vWin_350-1650_30K,,,Y:C5,1.1,,0,0,0,0,,,,,,,,
Unknown,DT_M2512_232,2025cohortB2_pl_14,D:\DATA\DT\2025\D3mNP_cohortB2\plasma,C:\Xcalibur\methods\upac-dia-standard\quant\251126_uPAC-16SPD_DIA_28vWin_350-1650_30K,,,Y:C6,1.1,,0,0,0,0,,,,,,,,
Unknown,DT_M2512_233,2025cohortB2_pl_15,D:\DATA\DT\2025\D3mNP_cohortB2\plasma,C:\Xcalibur\methods\upac-dia-standard\quant\251126_uPAC-16SPD_DIA_28vWin_350-1650_30K,,,Y:C7,1.1,,0,0,0,0,,,,,,,,
Unknown,DT_M2512_234,2025cohortB2_pl_16,D:\DATA\DT\2025\D3mNP_cohortB2\plasma,C:\Xcalibur\methods\upac-dia-standard\quant\251126_uPAC-16SPD_DIA_28vWin_350-1650_30K,,,Y:C8,1.1,,0,0,0,0,,,,,,,,
Blank,DT_M2512_235,WASH,D:\MS-DATA\2_Wash,C:\Xcalibur\methods\upac-dia-standard\wash\260113_uPAC-50SPD-zebra_DIA_24vwin_350-1200_15K,,,G:F1,0,,0,0,0,0,,,,,,,,
QC,DT_M2512_236,QC,D:\MS-DATA\1_QC,C:\Xcalibur\methods\upac-dia-standard\quant\251119_uPAC-50SPD_DIA_24vwin_350-1200_15K,,,G:F9,0.5,,0,0,0,0,,,,,,,,
Blank,DT_M2512_237,WASH,D:\MS-DATA\2_Wash,C:\Xcalibur\methods\upac-dia-standard\wash\260113_uPAC-50SPD-zebra_DIA_24vwin_350-1200_15K,,,G:F1,0,,0,0,0,0,,,,,,,,
Unknown,DT_M2512_238,2025cohortB2_pl_17,D:\DATA\DT\2025\D3mNP_cohortB2\plasma,C:\Xcalibur\methods\upac-dia-standard\quant\251126_uPAC-16SPD_DIA_28vWin_350-1650_30K,,,Y:D1,1.1,,0,0,0,0,,,,,,,,
Unknown,DT_M2512_239,2025cohortB2_pl_18,D:\DATA\DT\2025\D3mNP_cohortB2\plasma,C:\Xcalibur\methods\upac-dia-standard\quant\251126_uPAC-16SPD_DIA_28vWin_350-1650_30K,,,Y:D2,1.1,,0,0,0,0,,,,,,,,
Unknown,DT_M2512_240,2025cohortB2_pl_19,D:\DATA\DT\2025\D3mNP_cohortB2\plasma,C:\Xcalibur\methods\upac-dia-standard\quant\251126_uPAC-16SPD_DIA_28vWin_350-1650_30K,,,Y:D3,1.1,,0,0,0,0,,,,,,,,
Unknown,DT_M2512_241,2025cohortB2_pl_20,D:\DATA\DT\2025\D3mNP_cohortB2\plasma,C:\Xcalibur\methods\upac-dia-standard\quant\251126_uPAC-16SPD_DIA_28vWin_350-1650_30K,,,Y:D4,1.1,,0,0,0,0,,,,,,,,
Blank,DT_M2512_242,WASH,D:\MS-DATA\2_Wash,C:\Xcalibur\methods\upac-dia-standard\wash\260113_uPAC-50SPD-zebra_DIA_24vwin_350-1200_15K,,,G:F1,0,,0,0,0,0,,,,,,,,
Unknown,DT_M2512_243,2025cohortB2_pl_21,D:\DATA\DT\2025\D3mNP_cohortB2\plasma,C:\Xcalibur\methods\upac-dia-standard\quant\251126_uPAC-16SPD_DIA_28vWin_350-1650_30K,,,Y:D5,1.1,,0,0,0,0,,,,,,,,
Unknown,DT_M2512_244,2025cohortB2_pl_22,D:\DATA\DT\2025\D3mNP_cohortB2\plasma,C:\Xcalibur\methods\upac-dia-standard\quant\251126_uPAC-16SPD_DIA_28vWin_350-1650_30K,,,Y:D6,1.1,,0,0,0,0,,,,,,,,
Unknown,DT_M2512_245,2025cohortB2_pl_23,D:\DATA\DT\2025\D3mNP_cohortB2\plasma,C:\Xcalibur\methods\upac-dia-standard\quant\251126_uPAC-16SPD_DIA_28vWin_350-1650_30K,,,Y:D7,1.1,,0,0,0,0,,,,,,,,
Unknown,DT_M2512_246,2025cohortB2_pl_24,D:\DATA\DT\2025\D3mNP_cohortB2\plasma,C:\Xcalibur\methods\upac-dia-standard\quant\251126_uPAC-16SPD_DIA_28vWin_350-1650_30K,,,Y:D8,1.1,,0,0,0,0,,,,,,,,
Blank,DT_M2512_247,WASH,D:\MS-DATA\2_Wash,C:\Xcalibur\methods\upac-dia-standard\wash\260113_uPAC-50SPD-zebra_DIA_24vwin_350-1200_15K,,,G:F1,0,,0,0,0,0,,,,,,,,
QC,DT_M2512_248,QC,D:\MS-DATA\1_QC,C:\Xcalibur\methods\upac-dia-standard\quant\251119_uPAC-50SPD_DIA_24vwin_350-1200_15K,,,G:F9,0.5,,0,0,0,0,,,,,,,,
Blank,DT_M2512_249,WASH,D:\MS-DATA\2_Wash,C:\Xcalibur\methods\upac-dia-standard\wash\260113_uPAC-50SPD-zebra_DIA_24vwin_350-1200_15K,,,G:F1,0,,0,0,0,0,,,,,,,,
Unknown,DT_M2512_250,2025cohortB2_pl_26,D:\DATA\DT\2025\D3mNP_cohortB2\plasma,C:\Xcalibur\methods\upac-dia-standard\quant\251126_uPAC-16SPD_DIA_28vWin_350-1650_30K,,,Y:E2,1.1,,0,0,0,0,,,,,,,,
Unknown,DT_M2512_251,2025cohortB2_pl_27,D:\DATA\DT\2025\D3mNP_cohortB2\plasma,C:\Xcalibur\methods\upac-dia-standard\quant\251126_uPAC-16SPD_DIA_28vWin_350-1650_30K,,,Y:E3,1.1,,0,0,0,0,,,,,,,,
Unknown,DT_M2512_252,2025cohortB2_pl_28,D:\DATA\DT\2025\D3mNP_cohortB2\plasma,C:\Xcalibur\methods\upac-dia-standard\quant\251126_uPAC-16SPD_DIA_28vWin_350-1650_30K,,,Y:E4,1.1,,0,0,0,0,,,,,,,,
Blank,DT_M2512_253,WASH,D:\MS-DATA\2_Wash,C:\Xcalibur\methods\upac-dia-standard\wash\260113_uPAC-50SPD-zebra_DIA_24vwin_350-1200_15K,,,G:F1,0,,0,0,0,0,,,,,,,,
Unknown,DT_M2512_254,2025cohortB2_pl_29,D:\DATA\DT\2025\D3mNP_cohortB2\plasma,C:\Xcalibur\methods\upac-dia-standard\quant\251126_uPAC-16SPD_DIA_28vWin_350-1650_30K,,,Y:E5,1.1,,0,0,0,0,,,,,,,,
Unknown,DT_M2512_255,2025cohortB2_pl_30,D:\DATA\DT\2025\D3mNP_cohortB2\plasma,C:\Xcalibur\methods\upac-dia-standard\quant\251126_uPAC-16SPD_DIA_28vWin_350-1650_30K,,,Y:E6,1.1,,0,0,0,0,,,,,,,,
Unknown,DT_M2512_256,2025cohortB2_pl_31,D:\DATA\DT\2025\D3mNP_cohortB2\plasma,C:\Xcalibur\methods\upac-dia-standard\quant\251126_uPAC-16SPD_DIA_28vWin_350-1650_30K,,,Y:E7,1.1,,0,0,0,0,,,,,,,,
Unknown,DT_M2512_257,2025cohortB2_pl_32,D:\DATA\DT\2025\D3mNP_cohortB2\plasma,C:\Xcalibur\methods\upac-dia-standard\quant\251126_uPAC-16SPD_DIA_28vWin_350-1650_30K,,,Y:E8,1.1,,0,0,0,0,,,,,,,,
Blank,DT_M2512_258,WASH,D:\MS-DATA\2_Wash,C:\Xcalibur\methods\upac-dia-standard\wash\260113_uPAC-50SPD-zebra_DIA_24vwin_350-1200_15K,,,G:F1,0,,0,0,0,0,,,,,,,,
QC,DT_M2512_259,QC,D:\MS-DATA\1_QC,C:\Xcalibur\methods\upac-dia-standard\quant\251119_uPAC-50SPD_DIA_24vwin_350-1200_15K,,,G:F9,0.5,,0,0,0,0,,,,,,,,
Blank,DT_M2512_260,WASH,D:\MS-DATA\2_Wash,C:\Xcalibur\methods\upac-dia-standard\wash\260113_uPAC-50SPD-zebra_DIA_24vwin_350-1200_15K,,,G:F1,0,,0,0,0,0,,,,,,,,
